Position,Name + ID,Name,ID,Roster Position,Salary,Game Info,TeamAbbrev,AvgPointsPerGame
RB,Christian McCaffrey (13251745),Christian McCaffrey,13251745,RB/FLEX,8800,LAR@CAR 09/08/2019 01:00PM ET,CAR,25.28
WR,Odell Beckham Jr. (13251423),Odell Beckham Jr.,13251423,WR/FLEX,8100,TEN@CLE 09/08/2019 01:00PM ET,CLE,20.53
WR,Julio Jones (13251328),Julio Jones,13251328,WR/FLEX,8000,ATL@MIN 09/08/2019 01:00PM ET,ATL,22.37
RB,Todd Gurley II (13251553),Todd Gurley II,13251553,RB/FLEX,7900,LAR@CAR 09/08/2019 01:00PM ET,LAR,25.09
WR,Tyreek Hill (13251732),Tyreek Hill,13251732,WR/FLEX,7600,KC@JAX 09/08/2019 01:00PM ET,KC,21.22
QB,Patrick Mahomes (13251817),Patrick Mahomes,13251817,QB,7200,KC@JAX 09/08/2019 01:00PM ET,KC,27.99
TE,Travis Kelce (13251323),Travis Kelce,13251323,TE/FLEX,7100,KC@JAX 09/08/2019 01:00PM ET,KC,19.04
RB,Le'Veon Bell (13251382),Le'Veon Bell,13251382,RB/FLEX,7100,BUF@NYJ 09/08/2019 01:00PM ET,NYJ,0
WR,Adam Thielen (13251602),Adam Thielen,13251602,WR/FLEX,6800,ATL@MIN 09/08/2019 01:00PM ET,MIN,20.96
WR,Stefon Diggs (13251549),Stefon Diggs,13251549,WR/FLEX,6700,ATL@MIN 09/08/2019 01:00PM ET,MIN,18.55
QB,Cam Newton (13251302),Cam Newton,13251302,QB,6500,LAR@CAR 09/08/2019 01:00PM ET,CAR,21.76
WR,Brandin Cooks (13251497),Brandin Cooks,13251497,WR/FLEX,6500,LAR@CAR 09/08/2019 01:00PM ET,LAR,16.47
WR,Robert Woods (13251401),Robert Woods,13251401,WR/FLEX,6400,LAR@CAR 09/08/2019 01:00PM ET,LAR,16.31
QB,Baker Mayfield (13251648),Baker Mayfield,13251648,QB,6400,TEN@CLE 09/08/2019 01:00PM ET,CLE,19.01
RB,Nick Chubb (13251722),Nick Chubb,13251722,RB/FLEX,6400,TEN@CLE 09/08/2019 01:00PM ET,CLE,12.91
RB,Damien Williams (13251534),Damien Williams,13251534,RB/FLEX,6300,KC@JAX 09/08/2019 01:00PM ET,KC,9.14
QB,Jared Goff (13251586),Jared Goff,13251586,QB,6200,LAR@CAR 09/08/2019 01:00PM ET,LAR,20.21
RB,Leonard Fournette (13251709),Leonard Fournette,13251709,RB/FLEX,6100,KC@JAX 09/08/2019 01:00PM ET,JAX,15.05
QB,Matt Ryan (13251278),Matt Ryan,13251278,QB,6100,ATL@MIN 09/08/2019 01:00PM ET,ATL,24.44
TE,Zach Ertz (13251359),Zach Ertz,13251359,TE/FLEX,6100,WAS@PHI 09/08/2019 01:00PM ET,PHI,17.53
QB,Lamar Jackson (13251869),Lamar Jackson,13251869,QB,6000,BAL@MIA 09/08/2019 01:00PM ET,BAL,10.98
RB,Dalvin Cook (13251736),Dalvin Cook,13251736,RB/FLEX,6000,ATL@MIN 09/08/2019 01:00PM ET,MIN,14.27
RB,Derrick Henry (13251599),Derrick Henry,13251599,RB/FLEX,5900,TEN@CLE 09/08/2019 01:00PM ET,TEN,13.02
WR,Alshon Jeffery (13251363),Alshon Jeffery,13251363,WR/FLEX,5900,WAS@PHI 09/08/2019 01:00PM ET,PHI,14.45
WR,Cooper Kupp (13251572),Cooper Kupp,13251572,WR/FLEX,5700,LAR@CAR 09/08/2019 01:00PM ET,LAR,17.26
QB,Carson Wentz (13251516),Carson Wentz,13251516,QB,5700,WAS@PHI 09/08/2019 01:00PM ET,PHI,20.15
WR,Jarvis Landry (13251425),Jarvis Landry,13251425,WR/FLEX,5600,TEN@CLE 09/08/2019 01:00PM ET,CLE,14.38
QB,Josh Allen (13251855),Josh Allen,13251855,QB,5600,BUF@NYJ 09/08/2019 01:00PM ET,BUF,19
WR,D.J. Moore (13251872),D.J. Moore,13251872,WR/FLEX,5500,LAR@CAR 09/08/2019 01:00PM ET,CAR,10.19
QB,Kirk Cousins (13251319),Kirk Cousins,13251319,QB,5500,ATL@MIN 09/08/2019 01:00PM ET,MIN,19.7
QB,Nick Foles (13251318),Nick Foles,13251318,QB,5300,KC@JAX 09/08/2019 01:00PM ET,JAX,17.26
RB,Devonta Freeman (13251438),Devonta Freeman,13251438,RB/FLEX,5300,ATL@MIN 09/08/2019 01:00PM ET,ATL,7.05
QB,Marcus Mariota (13251494),Marcus Mariota,13251494,QB,5200,TEN@CLE 09/08/2019 01:00PM ET,TEN,13.71
WR,Robby Anderson (13251501),Robby Anderson,13251501,WR/FLEX,5200,BUF@NYJ 09/08/2019 01:00PM ET,NYJ,11.74
RB,Mark Ingram II (13251326),Mark Ingram II,13251326,RB/FLEX,5100,BAL@MIA 09/08/2019 01:00PM ET,BAL,11.67
WR,Calvin Ridley (13251905),Calvin Ridley,13251905,WR/FLEX,5100,ATL@MIN 09/08/2019 01:00PM ET,ATL,13.18
QB,Sam Darnold (13251887),Sam Darnold,13251887,QB,5100,BUF@NYJ 09/08/2019 01:00PM ET,NYJ,14.72
WR,Sammy Watkins (13251457),Sammy Watkins,13251457,WR/FLEX,5000,KC@JAX 09/08/2019 01:00PM ET,KC,12.54
WR,Corey Davis (13251597),Corey Davis,13251597,WR/FLEX,4900,TEN@CLE 09/08/2019 01:00PM ET,TEN,11.85
QB,Ryan Fitzpatrick (13251271),Ryan Fitzpatrick,13251271,QB,4900,BAL@MIA 09/08/2019 01:00PM ET,MIA,23.86
QB,Case Keenum (13251301),Case Keenum,13251301,QB,4900,WAS@PHI 09/08/2019 01:00PM ET,WAS,15.06
RB,Darrell Henderson Jr. (13251943),Darrell Henderson Jr.,13251943,RB/FLEX,4800,LAR@CAR 09/08/2019 01:00PM ET,LAR,0
WR,Dede Westbrook (13251839),Dede Westbrook,13251839,WR/FLEX,4800,KC@JAX 09/08/2019 01:00PM ET,JAX,11.53
QB,Dwayne Haskins Jr. (13251973),Dwayne Haskins Jr.,13251973,QB,4800,WAS@PHI 09/08/2019 01:00PM ET,WAS,0
RB,Dion Lewis (13251357),Dion Lewis,13251357,RB/FLEX,4700,TEN@CLE 09/08/2019 01:00PM ET,TEN,10.11
RB,Kenyan Drake (13251551),Kenyan Drake,13251551,RB/FLEX,4700,BAL@MIA 09/08/2019 01:00PM ET,MIA,12.95
QB,Josh Rosen (13251858),Josh Rosen,13251858,QB,4700,BAL@MIA 09/08/2019 01:00PM ET,MIA,9.42
QB,Chad Henne (13251285),Chad Henne,13251285,QB,4600,KC@JAX 09/08/2019 01:00PM ET,KC,1.46
WR,Mohamed Sanu (13251354),Mohamed Sanu,13251354,WR/FLEX,4600,ATL@MIN 09/08/2019 01:00PM ET,ATL,11.65
RB,LeSean McCoy (13251308),LeSean McCoy,13251308,RB/FLEX,4600,BUF@NYJ 09/08/2019 01:00PM ET,BUF,9.3
QB,Taylor Heinicke (13251450),Taylor Heinicke,13251450,QB,4500,LAR@CAR 09/08/2019 01:00PM ET,CAR,2.82
RB,Kalen Ballage (13251685),Kalen Ballage,13251685,RB/FLEX,4500,BAL@MIA 09/08/2019 01:00PM ET,MIA,3.48
QB,Matt Schaub (13251284),Matt Schaub,13251284,QB,4500,ATL@MIN 09/08/2019 01:00PM ET,ATL,0.37
QB,Josh McCown (13251268),Josh McCown,13251268,QB,4500,WAS@PHI 09/08/2019 01:00PM ET,PHI,6.19
WR,DeSean Jackson (13251290),DeSean Jackson,13251290,WR/FLEX,4500,WAS@PHI 09/08/2019 01:00PM ET,PHI,13.36
QB,Ryan Tannehill (13251303),Ryan Tannehill,13251303,QB,4400,TEN@CLE 09/08/2019 01:00PM ET,TEN,14.18
WR,Marqise Lee (13251448),Marqise Lee,13251448,WR/FLEX,4400,KC@JAX 09/08/2019 01:00PM ET,JAX,0
RB,Derrius Guice (13251832),Derrius Guice,13251832,RB/FLEX,4400,WAS@PHI 09/08/2019 01:00PM ET,WAS,0
QB,Blake Bortles (13251418),Blake Bortles,13251418,QB,4300,LAR@CAR 09/08/2019 01:00PM ET,LAR,15.4
WR,John Brown (13251352),John Brown,13251352,WR/FLEX,4300,BUF@NYJ 09/08/2019 01:00PM ET,BUF,9.02
WR,Curtis Samuel (13251699),Curtis Samuel,13251699,WR/FLEX,4200,LAR@CAR 09/08/2019 01:00PM ET,CAR,10.6
QB,Matt Barkley (13251356),Matt Barkley,13251356,QB,4200,BUF@NYJ 09/08/2019 01:00PM ET,BUF,17.08
RB,Jordan Howard (13251670),Jordan Howard,13251670,RB/FLEX,4200,WAS@PHI 09/08/2019 01:00PM ET,PHI,11.21
QB,Drew Stanton (13251277),Drew Stanton,13251277,QB,4100,TEN@CLE 09/08/2019 01:00PM ET,CLE,0
RB,Carlos Hyde (13251384),Carlos Hyde,13251384,RB/FLEX,4100,KC@JAX 09/08/2019 01:00PM ET,KC,7.1
WR,Mecole Hardman (13251955),Mecole Hardman,13251955,WR/FLEX,4100,KC@JAX 09/08/2019 01:00PM ET,KC,0
WR,Jamison Crowder (13251451),Jamison Crowder,13251451,WR/FLEX,4100,BUF@NYJ 09/08/2019 01:00PM ET,NYJ,9.2
WR,Robert Foster (13251672),Robert Foster,13251672,WR/FLEX,4100,BUF@NYJ 09/08/2019 01:00PM ET,BUF,8.32
QB,Brandon Allen (13251469),Brandon Allen,13251469,QB,4000,LAR@CAR 09/08/2019 01:00PM ET,LAR,0
QB,Will Grier (13251684),Will Grier,13251684,QB,4000,LAR@CAR 09/08/2019 01:00PM ET,CAR,0
QB,Kyle Allen (13251719),Kyle Allen,13251719,QB,4000,LAR@CAR 09/08/2019 01:00PM ET,CAR,13.27
QB,John Wolford (13251796),John Wolford,13251796,QB,4000,LAR@CAR 09/08/2019 01:00PM ET,LAR,0
QB,Garrett Gilbert (13251365),Garrett Gilbert,13251365,QB,4000,TEN@CLE 09/08/2019 01:00PM ET,CLE,1.6
WR,Adam Humphries (13251453),Adam Humphries,13251453,WR/FLEX,4000,TEN@CLE 09/08/2019 01:00PM ET,TEN,11.79
QB,Logan Woodside (13251596),Logan Woodside,13251596,QB,4000,TEN@CLE 09/08/2019 01:00PM ET,TEN,0
QB,Matt Moore (13251274),Matt Moore,13251274,QB,4000,KC@JAX 09/08/2019 01:00PM ET,KC,0
QB,Alex McGough (13251742),Alex McGough,13251742,QB,4000,KC@JAX 09/08/2019 01:00PM ET,JAX,0
QB,Gardner Minshew (13251849),Gardner Minshew,13251849,QB,4000,KC@JAX 09/08/2019 01:00PM ET,JAX,0
QB,Chase Litton (13251854),Chase Litton,13251854,QB,4000,KC@JAX 09/08/2019 01:00PM ET,KC,0
QB,Kyle Shurmur (13251884),Kyle Shurmur,13251884,QB,4000,KC@JAX 09/08/2019 01:00PM ET,KC,0
QB,Robert Griffin III (13251325),Robert Griffin III,13251325,QB,4000,BAL@MIA 09/08/2019 01:00PM ET,BAL,0.28
WR,Kenny Stills (13251380),Kenny Stills,13251380,WR/FLEX,4000,BAL@MIA 09/08/2019 01:00PM ET,MIA,9.36
WR,Willie Snead IV (13251429),Willie Snead IV,13251429,WR/FLEX,4000,BAL@MIA 09/08/2019 01:00PM ET,BAL,8.38
QB,Jake Rudock (13251513),Jake Rudock,13251513,QB,4000,BAL@MIA 09/08/2019 01:00PM ET,MIA,0
QB,Joe Callahan (13251517),Joe Callahan,13251517,QB,4000,BAL@MIA 09/08/2019 01:00PM ET,BAL,0
QB,Trace McSorley (13251793),Trace McSorley,13251793,QB,4000,BAL@MIA 09/08/2019 01:00PM ET,BAL,0
QB,Matt Simms (13251320),Matt Simms,13251320,QB,4000,ATL@MIN 09/08/2019 01:00PM ET,ATL,0
QB,Sean Mannion (13251411),Sean Mannion,13251411,QB,4000,ATL@MIN 09/08/2019 01:00PM ET,MIN,0.01
QB,Kyle Sloter (13251544),Kyle Sloter,13251544,QB,4000,ATL@MIN 09/08/2019 01:00PM ET,MIN,0
QB,Danny Etling (13251595),Danny Etling,13251595,QB,4000,ATL@MIN 09/08/2019 01:00PM ET,ATL,0
RB,Ito Smith (13251771),Ito Smith,13251771,RB/FLEX,4000,ATL@MIN 09/08/2019 01:00PM ET,ATL,6.98
QB,Jake Browning (13251836),Jake Browning,13251836,QB,4000,ATL@MIN 09/08/2019 01:00PM ET,MIN,0
QB,Trevor Siemian (13251386),Trevor Siemian,13251386,QB,4000,BUF@NYJ 09/08/2019 01:00PM ET,NYJ,0
QB,Davis Webb (13251601),Davis Webb,13251601,QB,4000,BUF@NYJ 09/08/2019 01:00PM ET,NYJ,0
QB,Luke Falk (13251657),Luke Falk,13251657,QB,4000,BUF@NYJ 09/08/2019 01:00PM ET,NYJ,0
QB,Tyree Jackson (13251888),Tyree Jackson,13251888,QB,4000,BUF@NYJ 09/08/2019 01:00PM ET,BUF,0
QB,Alex Smith (13251279),Alex Smith,13251279,QB,4000,WAS@PHI 09/08/2019 01:00PM ET,WAS,14.7
QB,Colt McCoy (13251294),Colt McCoy,13251294,QB,4000,WAS@PHI 09/08/2019 01:00PM ET,WAS,10.06
QB,Cody Kessler (13251433),Cody Kessler,13251433,QB,4000,WAS@PHI 09/08/2019 01:00PM ET,PHI,8.73
QB,Nate Sudfeld (13251561),Nate Sudfeld,13251561,QB,4000,WAS@PHI 09/08/2019 01:00PM ET,PHI,2.34
QB,Clayton Thorson (13251749),Clayton Thorson,13251749,QB,4000,WAS@PHI 09/08/2019 01:00PM ET,PHI,0
QB,Jalan McClendon (13251764),Jalan McClendon,13251764,QB,4000,WAS@PHI 09/08/2019 01:00PM ET,WAS,0
WR,Albert Wilson (13251405),Albert Wilson,13251405,WR/FLEX,3900,BAL@MIA 09/08/2019 01:00PM ET,MIA,14.25
WR,DeVante Parker (13251459),DeVante Parker,13251459,WR/FLEX,3900,BAL@MIA 09/08/2019 01:00PM ET,MIA,5.81
WR,Paul Richardson Jr. (13251414),Paul Richardson Jr.,13251414,WR/FLEX,3900,WAS@PHI 09/08/2019 01:00PM ET,WAS,8.44
WR,Josh Doctson (13251436),Josh Doctson,13251436,WR/FLEX,3900,WAS@PHI 09/08/2019 01:00PM ET,WAS,7.28
WR,Nelson Agholor (13251532),Nelson Agholor,13251532,WR/FLEX,3900,WAS@PHI 09/08/2019 01:00PM ET,PHI,9.86
RB,Miles Sanders (13251961),Miles Sanders,13251961,RB/FLEX,3900,WAS@PHI 09/08/2019 01:00PM ET,PHI,0
RB,Malcolm Brown (13251470),Malcolm Brown,13251470,RB/FLEX,3800,LAR@CAR 09/08/2019 01:00PM ET,LAR,3.28
DST,Ravens  (13251267),Ravens ,13251267,DST,3800,BAL@MIA 09/08/2019 01:00PM ET,BAL,8.06
WR,Marquise Brown (13251974),Marquise Brown,13251974,WR/FLEX,3800,BAL@MIA 09/08/2019 01:00PM ET,BAL,0
RB,Alexander Mattison (13251967),Alexander Mattison,13251967,RB/FLEX,3800,ATL@MIN 09/08/2019 01:00PM ET,MIN,0
RB,Frank Gore (13251269),Frank Gore,13251269,RB/FLEX,3800,BUF@NYJ 09/08/2019 01:00PM ET,BUF,7.54
WR,Quincy Enunwa (13251374),Quincy Enunwa,13251374,WR/FLEX,3800,BUF@NYJ 09/08/2019 01:00PM ET,NYJ,7.99
TE,David Njoku (13251762),David Njoku,13251762,TE/FLEX,3700,TEN@CLE 09/08/2019 01:00PM ET,CLE,8.99
WR,Allen Hurns (13251376),Allen Hurns,13251376,WR/FLEX,3700,BAL@MIA 09/08/2019 01:00PM ET,MIA,3.76
WR,Zay Jones (13251638),Zay Jones,13251638,WR/FLEX,3700,BUF@NYJ 09/08/2019 01:00PM ET,BUF,10.32
RB,Adrian Peterson (13251286),Adrian Peterson,13251286,RB/FLEX,3700,WAS@PHI 09/08/2019 01:00PM ET,WAS,12.5
RB,Justice Hill (13251959),Justice Hill,13251959,RB/FLEX,3600,BAL@MIA 09/08/2019 01:00PM ET,BAL,0
WR,Cole Beasley (13251338),Cole Beasley,13251338,WR/FLEX,3600,BUF@NYJ 09/08/2019 01:00PM ET,BUF,8.97
RB,Devin Singletary (13251947),Devin Singletary,13251947,RB/FLEX,3600,BUF@NYJ 09/08/2019 01:00PM ET,BUF,0
DST,Eagles  (13251263),Eagles ,13251263,DST,3600,WAS@PHI 09/08/2019 01:00PM ET,PHI,5.94
TE,Jordan Reed (13251366),Jordan Reed,13251366,TE/FLEX,3600,WAS@PHI 09/08/2019 01:00PM ET,WAS,9.29
TE,Delanie Walker (13251280),Delanie Walker,13251280,TE/FLEX,3500,TEN@CLE 09/08/2019 01:00PM ET,TEN,9.2
WR,A.J. Brown (13251971),A.J. Brown,13251971,WR/FLEX,3500,TEN@CLE 09/08/2019 01:00PM ET,TEN,0
RB,Chris Thompson (13251368),Chris Thompson,13251368,RB/FLEX,3500,WAS@PHI 09/08/2019 01:00PM ET,WAS,9.16
RB,Jordan Scarlett (13251876),Jordan Scarlett,13251876,RB/FLEX,3400,LAR@CAR 09/08/2019 01:00PM ET,CAR,0
DST,Browns  (13251256),Browns ,13251256,DST,3400,TEN@CLE 09/08/2019 01:00PM ET,CLE,6.38
WR,Keelan Cole (13251680),Keelan Cole,13251680,WR/FLEX,3400,KC@JAX 09/08/2019 01:00PM ET,JAX,5.88
RB,Darrel Williams (13251715),Darrel Williams,13251715,RB/FLEX,3400,KC@JAX 09/08/2019 01:00PM ET,KC,2.88
WR,Trey Quinn (13251713),Trey Quinn,13251713,WR/FLEX,3400,WAS@PHI 09/08/2019 01:00PM ET,WAS,7.5
WR,JJ Arcega-Whiteside (13251921),JJ Arcega-Whiteside,13251921,WR/FLEX,3400,WAS@PHI 09/08/2019 01:00PM ET,PHI,0
WR,Chris Hogan (13251421),Chris Hogan,13251421,WR/FLEX,3300,LAR@CAR 09/08/2019 01:00PM ET,CAR,6.32
WR,Josh Reynolds (13251720),Josh Reynolds,13251720,WR/FLEX,3300,LAR@CAR 09/08/2019 01:00PM ET,LAR,6.45
WR,Antonio Callaway (13251874),Antonio Callaway,13251874,WR/FLEX,3300,TEN@CLE 09/08/2019 01:00PM ET,CLE,8.33
RB,Alfred Blue (13251372),Alfred Blue,13251372,RB/FLEX,3300,KC@JAX 09/08/2019 01:00PM ET,JAX,5.95
WR,D.J. Chark Jr. (13251707),D.J. Chark Jr.,13251707,WR/FLEX,3300,KC@JAX 09/08/2019 01:00PM ET,JAX,2.76
DST,Vikings  (13251261),Vikings ,13251261,DST,3300,ATL@MIN 09/08/2019 01:00PM ET,MIN,7.75
TE,Kyle Rudolph (13251348),Kyle Rudolph,13251348,TE/FLEX,3300,ATL@MIN 09/08/2019 01:00PM ET,MIN,9.65
RB,Bilal Powell (13251316),Bilal Powell,13251316,RB/FLEX,3300,BUF@NYJ 09/08/2019 01:00PM ET,NYJ,8.76
RB,T.J. Yeldon (13251520),T.J. Yeldon,13251520,RB/FLEX,3300,BUF@NYJ 09/08/2019 01:00PM ET,BUF,12.44
WR,Terry McLaurin (13251789),Terry McLaurin,13251789,WR/FLEX,3300,WAS@PHI 09/08/2019 01:00PM ET,WAS,0
DST,Rams  (13251259),Rams ,13251259,DST,3200,LAR@CAR 09/08/2019 01:00PM ET,LAR,8.74
TE,Greg Olsen (13251282),Greg Olsen,13251282,TE/FLEX,3200,LAR@CAR 09/08/2019 01:00PM ET,CAR,8.9
WR,Jarius Wright (13251346),Jarius Wright,13251346,WR/FLEX,3200,LAR@CAR 09/08/2019 01:00PM ET,CAR,6.16
WR,Rashard Higgins (13251618),Rashard Higgins,13251618,WR/FLEX,3200,TEN@CLE 09/08/2019 01:00PM ET,CLE,9.17
WR,Demarcus Robinson (13251584),Demarcus Robinson,13251584,WR/FLEX,3200,KC@JAX 09/08/2019 01:00PM ET,KC,4.36
WR,Chris Moore (13251488),Chris Moore,13251488,WR/FLEX,3200,BAL@MIA 09/08/2019 01:00PM ET,BAL,2.72
TE,Austin Hooper (13251606),Austin Hooper,13251606,TE/FLEX,3200,ATL@MIN 09/08/2019 01:00PM ET,ATL,10.19
RB,Ty Montgomery (13251446),Ty Montgomery,13251446,RB/FLEX,3200,BUF@NYJ 09/08/2019 01:00PM ET,NYJ,5.16
RB,Wendell Smallwood (13251591),Wendell Smallwood,13251591,RB/FLEX,3200,WAS@PHI 09/08/2019 01:00PM ET,WAS,7.18
RB,Corey Clement (13251622),Corey Clement,13251622,RB/FLEX,3200,WAS@PHI 09/08/2019 01:00PM ET,PHI,7.37
WR,Taywan Taylor (13251666),Taywan Taylor,13251666,WR/FLEX,3100,TEN@CLE 09/08/2019 01:00PM ET,CLE,7.05
WR,Chris Conley (13251431),Chris Conley,13251431,WR/FLEX,3100,KC@JAX 09/08/2019 01:00PM ET,JAX,5.19
RB,Kenneth Dixon (13251540),Kenneth Dixon,13251540,RB/FLEX,3100,BAL@MIA 09/08/2019 01:00PM ET,BAL,9.57
RB,Gus Edwards (13251610),Gus Edwards,13251610,RB/FLEX,3100,BAL@MIA 09/08/2019 01:00PM ET,BAL,8.42
DST,Jets  (13251262),Jets ,13251262,DST,3100,BUF@NYJ 09/08/2019 01:00PM ET,NYJ,6.81
RB,Elijah McGuire (13251604),Elijah McGuire,13251604,RB/FLEX,3100,BUF@NYJ 09/08/2019 01:00PM ET,NYJ,10.99
RB,Darren Sproles (13251272),Darren Sproles,13251272,RB/FLEX,3100,WAS@PHI 09/08/2019 01:00PM ET,PHI,9
RB,Josh Adams (13251915),Josh Adams,13251915,RB/FLEX,3100,WAS@PHI 09/08/2019 01:00PM ET,PHI,5.54
WR,Torrey Smith (13251310),Torrey Smith,13251310,WR/FLEX,3000,LAR@CAR 09/08/2019 01:00PM ET,CAR,4.54
WR,Aldrick Robinson (13251314),Aldrick Robinson,13251314,WR/FLEX,3000,LAR@CAR 09/08/2019 01:00PM ET,CAR,5.01
WR,DeAndrew White (13251407),DeAndrew White,13251407,WR/FLEX,3000,LAR@CAR 09/08/2019 01:00PM ET,CAR,0
WR,Rashad Ross (13251444),Rashad Ross,13251444,WR/FLEX,3000,LAR@CAR 09/08/2019 01:00PM ET,CAR,0
WR,JoJo Natson (13251542),JoJo Natson,13251542,WR/FLEX,3000,LAR@CAR 09/08/2019 01:00PM ET,LAR,-0.06
WR,Jaydon Mickens (13251557),Jaydon Mickens,13251557,WR/FLEX,3000,LAR@CAR 09/08/2019 01:00PM ET,CAR,0
RB,Cameron Artis-Payne (13251582),Cameron Artis-Payne,13251582,RB/FLEX,3000,LAR@CAR 09/08/2019 01:00PM ET,CAR,1.93
RB,Justin Davis (13251587),Justin Davis,13251587,RB/FLEX,3000,LAR@CAR 09/08/2019 01:00PM ET,LAR,0.17
WR,Andre Levrone (13251632),Andre Levrone,13251632,WR/FLEX,3000,LAR@CAR 09/08/2019 01:00PM ET,CAR,0
WR,Jonathan Lloyd (13251689),Jonathan Lloyd,13251689,WR/FLEX,3000,LAR@CAR 09/08/2019 01:00PM ET,LAR,0
WR,Jalen Greene (13251724),Jalen Greene,13251724,WR/FLEX,3000,LAR@CAR 09/08/2019 01:00PM ET,LAR,0
WR,Austin Proehl (13251730),Austin Proehl,13251730,WR/FLEX,3000,LAR@CAR 09/08/2019 01:00PM ET,LAR,0
WR,Nsimba Webster (13251743),Nsimba Webster,13251743,WR/FLEX,3000,LAR@CAR 09/08/2019 01:00PM ET,LAR,0
RB,Reggie Bonnafon (13251750),Reggie Bonnafon,13251750,RB/FLEX,3000,LAR@CAR 09/08/2019 01:00PM ET,CAR,0
WR,Mike Thomas (13251773),Mike Thomas,13251773,WR/FLEX,3000,LAR@CAR 09/08/2019 01:00PM ET,LAR,0
WR,Ray-Ray McCloud III (13251852),Ray-Ray McCloud III,13251852,WR/FLEX,3000,LAR@CAR 09/08/2019 01:00PM ET,CAR,0.8
WR,Terry Godwin (13251878),Terry Godwin,13251878,WR/FLEX,3000,LAR@CAR 09/08/2019 01:00PM ET,CAR,0
RB,John Kelly (13251882),John Kelly,13251882,RB/FLEX,3000,LAR@CAR 09/08/2019 01:00PM ET,LAR,1.73
WR,Damion Jeanpiere Jr. (13251901),Damion Jeanpiere Jr.,13251901,WR/FLEX,3000,LAR@CAR 09/08/2019 01:00PM ET,CAR,0
WR,Alex Bachman (13251911),Alex Bachman,13251911,WR/FLEX,3000,LAR@CAR 09/08/2019 01:00PM ET,LAR,0
RB,Matt Colburn (13251913),Matt Colburn,13251913,RB/FLEX,3000,LAR@CAR 09/08/2019 01:00PM ET,LAR,0
WR,Brandon Zylstra (13251949),Brandon Zylstra,13251949,WR/FLEX,3000,LAR@CAR 09/08/2019 01:00PM ET,CAR,0.21
RB,Elijah Holyfield (13251957),Elijah Holyfield,13251957,RB/FLEX,3000,LAR@CAR 09/08/2019 01:00PM ET,CAR,0
RB,Alex Armah (13251978),Alex Armah,13251978,RB/FLEX,3000,LAR@CAR 09/08/2019 01:00PM ET,CAR,0.94
RB,David Fluellen (13251412),David Fluellen,13251412,RB/FLEX,3000,TEN@CLE 09/08/2019 01:00PM ET,TEN,0.23
WR,Braxton Miller (13251440),Braxton Miller,13251440,WR/FLEX,3000,TEN@CLE 09/08/2019 01:00PM ET,CLE,0
WR,Tanner McEvoy (13251474),Tanner McEvoy,13251474,WR/FLEX,3000,TEN@CLE 09/08/2019 01:00PM ET,TEN,0
WR,Darius Jennings (13251482),Darius Jennings,13251482,WR/FLEX,3000,TEN@CLE 09/08/2019 01:00PM ET,TEN,1.76
RB,Joe Kerridge (13251484),Joe Kerridge,13251484,RB/FLEX,3000,TEN@CLE 09/08/2019 01:00PM ET,CLE,0
RB,Akeem Hunt (13251486),Akeem Hunt,13251486,RB/FLEX,3000,TEN@CLE 09/08/2019 01:00PM ET,TEN,0
WR,Kalif Raymond (13251538),Kalif Raymond,13251538,WR/FLEX,3000,TEN@CLE 09/08/2019 01:00PM ET,TEN,0
WR,Cody Hollister (13251568),Cody Hollister,13251568,WR/FLEX,3000,TEN@CLE 09/08/2019 01:00PM ET,TEN,0
WR,Tajae Sharpe (13251576),Tajae Sharpe,13251576,WR/FLEX,3000,TEN@CLE 09/08/2019 01:00PM ET,TEN,4.64
WR,Ishmael Hyman (13251608),Ishmael Hyman,13251608,WR/FLEX,3000,TEN@CLE 09/08/2019 01:00PM ET,CLE,0
WR,Derrick Willies (13251614),Derrick Willies,13251614,WR/FLEX,3000,TEN@CLE 09/08/2019 01:00PM ET,CLE,1.82
RB,Kareem Hunt (13251644),Kareem Hunt,13251644,RB/FLEX,3000,TEN@CLE 09/08/2019 01:00PM ET,CLE,21.47
RB,Dalyn Dawkins (13251651),Dalyn Dawkins,13251651,RB/FLEX,3000,TEN@CLE 09/08/2019 01:00PM ET,TEN,0
WR,DeAngelo Yancey (13251653),DeAngelo Yancey,13251653,WR/FLEX,3000,TEN@CLE 09/08/2019 01:00PM ET,TEN,0
WR,KhaDarel Hodge (13251676),KhaDarel Hodge,13251676,WR/FLEX,3000,TEN@CLE 09/08/2019 01:00PM ET,CLE,0.22
RB,Dontrell Hilliard (13251701),Dontrell Hilliard,13251701,RB/FLEX,3000,TEN@CLE 09/08/2019 01:00PM ET,CLE,1.68
WR,Dorian Baker (13251777),Dorian Baker,13251777,WR/FLEX,3000,TEN@CLE 09/08/2019 01:00PM ET,CLE,0
RB,A.J. Ouellette (13251803),A.J. Ouellette,13251803,RB/FLEX,3000,TEN@CLE 09/08/2019 01:00PM ET,CLE,0
WR,Papi White (13251805),Papi White,13251805,WR/FLEX,3000,TEN@CLE 09/08/2019 01:00PM ET,TEN,0
RB,Jeremy McNichols (13251807),Jeremy McNichols,13251807,RB/FLEX,3000,TEN@CLE 09/08/2019 01:00PM ET,TEN,0.4
RB,D'Ernest Johnson (13251818),D'Ernest Johnson,13251818,RB/FLEX,3000,TEN@CLE 09/08/2019 01:00PM ET,CLE,0
RB,Trayone Gray (13251820),Trayone Gray,13251820,RB/FLEX,3000,TEN@CLE 09/08/2019 01:00PM ET,CLE,0
WR,Damion Ratley (13251834),Damion Ratley,13251834,WR/FLEX,3000,TEN@CLE 09/08/2019 01:00PM ET,CLE,2.11
WR,Anthony Ratliff-Williams (13251841),Anthony Ratliff-Williams,13251841,WR/FLEX,3000,TEN@CLE 09/08/2019 01:00PM ET,TEN,0
RB,Alex Barnes (13251856),Alex Barnes,13251856,RB/FLEX,3000,TEN@CLE 09/08/2019 01:00PM ET,TEN,0
WR,Damon Sheehy-Guiseppi (13251996),Damon Sheehy-Guiseppi,13251996,WR/FLEX,3000,TEN@CLE 09/08/2019 01:00PM ET,CLE,0
RB,Anthony Sherman (13251312),Anthony Sherman,13251312,RB/FLEX,3000,KC@JAX 09/08/2019 01:00PM ET,KC,1.32
WR,Terrelle Pryor Sr. (13251332),Terrelle Pryor Sr.,13251332,WR/FLEX,3000,KC@JAX 09/08/2019 01:00PM ET,JAX,6.64
WR,Tre McBride (13251442),Tre McBride,13251442,WR/FLEX,3000,KC@JAX 09/08/2019 01:00PM ET,JAX,0
RB,Tyler Ervin (13251465),Tyler Ervin,13251465,RB/FLEX,3000,KC@JAX 09/08/2019 01:00PM ET,JAX,0.72
RB,Thomas Rawls (13251480),Thomas Rawls,13251480,RB/FLEX,3000,KC@JAX 09/08/2019 01:00PM ET,JAX,0
WR,De'Anthony Thomas (13251495),De'Anthony Thomas,13251495,WR/FLEX,3000,KC@JAX 09/08/2019 01:00PM ET,KC,2.5
WR,Gehrig Dieter (13251522),Gehrig Dieter,13251522,WR/FLEX,3000,KC@JAX 09/08/2019 01:00PM ET,KC,0.88
WR,C.J. Board (13251559),C.J. Board,13251559,WR/FLEX,3000,KC@JAX 09/08/2019 01:00PM ET,JAX,0
WR,Rashard Davis (13251664),Rashard Davis,13251664,WR/FLEX,3000,KC@JAX 09/08/2019 01:00PM ET,KC,0
RB,Elijah Hood (13251728),Elijah Hood,13251728,RB/FLEX,3000,KC@JAX 09/08/2019 01:00PM ET,JAX,0
WR,Tyre Brady (13251754),Tyre Brady,13251754,WR/FLEX,3000,KC@JAX 09/08/2019 01:00PM ET,JAX,0
WR,Cody Thompson (13251769),Cody Thompson,13251769,WR/FLEX,3000,KC@JAX 09/08/2019 01:00PM ET,KC,0
WR,Jamal Custis (13251794),Jamal Custis,13251794,WR/FLEX,3000,KC@JAX 09/08/2019 01:00PM ET,KC,0
RB,Tremon Smith (13251826),Tremon Smith,13251826,RB/FLEX,3000,KC@JAX 09/08/2019 01:00PM ET,KC,0
RB,Devante Mays (13251850),Devante Mays,13251850,RB/FLEX,3000,KC@JAX 09/08/2019 01:00PM ET,JAX,0
RB,Marcus Marshall (13251867),Marcus Marshall,13251867,RB/FLEX,3000,KC@JAX 09/08/2019 01:00PM ET,KC,0
WR,Quadree Henderson (13251880),Quadree Henderson,13251880,WR/FLEX,3000,KC@JAX 09/08/2019 01:00PM ET,JAX,0
WR,Michael Walker (13251899),Michael Walker,13251899,WR/FLEX,3000,KC@JAX 09/08/2019 01:00PM ET,JAX,0
WR,Felton Davis (13251909),Felton Davis,13251909,WR/FLEX,3000,KC@JAX 09/08/2019 01:00PM ET,KC,0
RB,Ryquell Armstead (13251919),Ryquell Armstead,13251919,RB/FLEX,3000,KC@JAX 09/08/2019 01:00PM ET,JAX,0
WR,Byron Pringle (13251941),Byron Pringle,13251941,WR/FLEX,3000,KC@JAX 09/08/2019 01:00PM ET,KC,0
WR,Raphael Leonard (13251982),Raphael Leonard,13251982,WR/FLEX,3000,KC@JAX 09/08/2019 01:00PM ET,JAX,0
RB,Darwin Thompson (13251986),Darwin Thompson,13251986,RB/FLEX,3000,KC@JAX 09/08/2019 01:00PM ET,KC,0
WR,Jalen Tolliver (13251988),Jalen Tolliver,13251988,WR/FLEX,3000,KC@JAX 09/08/2019 01:00PM ET,KC,2.23
WR,Michael Floyd (13251330),Michael Floyd,13251330,WR/FLEX,3000,BAL@MIA 09/08/2019 01:00PM ET,BAL,2.15
WR,Brice Butler (13251336),Brice Butler,13251336,WR/FLEX,3000,BAL@MIA 09/08/2019 01:00PM ET,MIA,2.25
WR,Jakeem Grant (13251476),Jakeem Grant,13251476,WR/FLEX,3000,BAL@MIA 09/08/2019 01:00PM ET,MIA,7.23
RB,Kenneth Farrow (13251509),Kenneth Farrow,13251509,RB/FLEX,3000,BAL@MIA 09/08/2019 01:00PM ET,MIA,0
RB,Patrick Ricard (13251524),Patrick Ricard,13251524,RB/FLEX,3000,BAL@MIA 09/08/2019 01:00PM ET,BAL,0
WR,Ricardo Louis (13251547),Ricardo Louis,13251547,WR/FLEX,3000,BAL@MIA 09/08/2019 01:00PM ET,MIA,0
WR,Seth Roberts (13251578),Seth Roberts,13251578,WR/FLEX,3000,BAL@MIA 09/08/2019 01:00PM ET,BAL,7.13
WR,Reece Horn (13251580),Reece Horn,13251580,WR/FLEX,3000,BAL@MIA 09/08/2019 01:00PM ET,MIA,0
TE,Mark Andrews (13251687),Mark Andrews,13251687,TE/FLEX,3000,BAL@MIA 09/08/2019 01:00PM ET,BAL,6.66
RB,Patrick Laird (13251781),Patrick Laird,13251781,RB/FLEX,3000,BAL@MIA 09/08/2019 01:00PM ET,MIA,0
TE,Mike Gesicki (13251791),Mike Gesicki,13251791,TE/FLEX,3000,BAL@MIA 09/08/2019 01:00PM ET,MIA,2.58
WR,Isaiah Ford (13251797),Isaiah Ford,13251797,WR/FLEX,3000,BAL@MIA 09/08/2019 01:00PM ET,MIA,0
WR,Sean Modster (13251809),Sean Modster,13251809,WR/FLEX,3000,BAL@MIA 09/08/2019 01:00PM ET,BAL,0
RB,Myles Gaskin (13251837),Myles Gaskin,13251837,RB/FLEX,3000,BAL@MIA 09/08/2019 01:00PM ET,MIA,0
RB,Chandler Cox (13251843),Chandler Cox,13251843,RB/FLEX,3000,BAL@MIA 09/08/2019 01:00PM ET,MIA,0
RB,Mark Walton (13251859),Mark Walton,13251859,RB/FLEX,3000,BAL@MIA 09/08/2019 01:00PM ET,MIA,0.89
WR,Preston Williams (13251863),Preston Williams,13251863,WR/FLEX,3000,BAL@MIA 09/08/2019 01:00PM ET,MIA,0
WR,Jaylen Smith (13251870),Jaylen Smith,13251870,WR/FLEX,3000,BAL@MIA 09/08/2019 01:00PM ET,BAL,0
WR,T.J. Rahming (13251885),T.J. Rahming,13251885,WR/FLEX,3000,BAL@MIA 09/08/2019 01:00PM ET,MIA,0
WR,Miles Boykin (13251917),Miles Boykin,13251917,WR/FLEX,3000,BAL@MIA 09/08/2019 01:00PM ET,BAL,0
WR,Trenton Irwin (13251923),Trenton Irwin,13251923,WR/FLEX,3000,BAL@MIA 09/08/2019 01:00PM ET,MIA,0
RB,De'Lance Turner (13251929),De'Lance Turner,13251929,RB/FLEX,3000,BAL@MIA 09/08/2019 01:00PM ET,BAL,1.02
WR,Jaleel Scott (13251939),Jaleel Scott,13251939,WR/FLEX,3000,BAL@MIA 09/08/2019 01:00PM ET,BAL,0
WR,Antoine Wesley (13251963),Antoine Wesley,13251963,WR/FLEX,3000,BAL@MIA 09/08/2019 01:00PM ET,BAL,0
RB,Christopher Ezeala (13251990),Christopher Ezeala,13251990,RB/FLEX,3000,BAL@MIA 09/08/2019 01:00PM ET,BAL,0
WR,Joe Horn Jr. (13252010),Joe Horn Jr.,13252010,WR/FLEX,3000,BAL@MIA 09/08/2019 01:00PM ET,BAL,0
RB,Kenjon Barner (13251334),Kenjon Barner,13251334,RB/FLEX,3000,ATL@MIN 09/08/2019 01:00PM ET,ATL,0.93
WR,Justin Hardy (13251409),Justin Hardy,13251409,WR/FLEX,3000,ATL@MIN 09/08/2019 01:00PM ET,ATL,2.46
RB,Ameer Abdullah (13251427),Ameer Abdullah,13251427,RB/FLEX,3000,ATL@MIN 09/08/2019 01:00PM ET,MIN,0.49
RB,De'Angelo Henderson (13251463),De'Angelo Henderson,13251463,RB/FLEX,3000,ATL@MIN 09/08/2019 01:00PM ET,MIN,0.3
RB,Ricky Ortiz (13251555),Ricky Ortiz,13251555,RB/FLEX,3000,ATL@MIN 09/08/2019 01:00PM ET,ATL,0.34
WR,Chad Beebe (13251642),Chad Beebe,13251642,WR/FLEX,3000,ATL@MIN 09/08/2019 01:00PM ET,MIN,2.63
WR,Jeff Badet (13251646),Jeff Badet,13251646,WR/FLEX,3000,ATL@MIN 09/08/2019 01:00PM ET,MIN,0
WR,Laquon Treadwell (13251649),Laquon Treadwell,13251649,WR/FLEX,3000,ATL@MIN 09/08/2019 01:00PM ET,MIN,4.75
WR,Marcus Green (13251705),Marcus Green,13251705,WR/FLEX,3000,ATL@MIN 09/08/2019 01:00PM ET,ATL,0
WR,Russell Gage (13251711),Russell Gage,13251711,WR/FLEX,3000,ATL@MIN 09/08/2019 01:00PM ET,ATL,0.82
RB,Brian Hill (13251734),Brian Hill,13251734,RB/FLEX,3000,ATL@MIN 09/08/2019 01:00PM ET,ATL,1.96
RB,Qadree Ollison (13251767),Qadree Ollison,13251767,RB/FLEX,3000,ATL@MIN 09/08/2019 01:00PM ET,ATL,0
WR,C.J. Worton (13251775),C.J. Worton,13251775,WR/FLEX,3000,ATL@MIN 09/08/2019 01:00PM ET,ATL,0
RB,Tony Brooks-James (13251783),Tony Brooks-James,13251783,RB/FLEX,3000,ATL@MIN 09/08/2019 01:00PM ET,ATL,0
RB,Khari Blasingame (13251785),Khari Blasingame,13251785,RB/FLEX,3000,ATL@MIN 09/08/2019 01:00PM ET,MIN,0
WR,Christian Blake (13251801),Christian Blake,13251801,WR/FLEX,3000,ATL@MIN 09/08/2019 01:00PM ET,ATL,0
RB,Mike Boone (13251824),Mike Boone,13251824,RB/FLEX,3000,ATL@MIN 09/08/2019 01:00PM ET,MIN,0.85
WR,Olabisi Johnson (13251847),Olabisi Johnson,13251847,WR/FLEX,3000,ATL@MIN 09/08/2019 01:00PM ET,MIN,0
WR,Olamide Zaccheaus (13251903),Olamide Zaccheaus,13251903,WR/FLEX,3000,ATL@MIN 09/08/2019 01:00PM ET,ATL,0
WR,Davion Davis (13251931),Davion Davis,13251931,WR/FLEX,3000,ATL@MIN 09/08/2019 01:00PM ET,MIN,0
WR,Dillon Mitchell (13251933),Dillon Mitchell,13251933,WR/FLEX,3000,ATL@MIN 09/08/2019 01:00PM ET,MIN,0
WR,Devin Gray (13251937),Devin Gray,13251937,WR/FLEX,3000,ATL@MIN 09/08/2019 01:00PM ET,ATL,0
RB,C.J. Ham (13251945),C.J. Ham,13251945,RB/FLEX,3000,ATL@MIN 09/08/2019 01:00PM ET,MIN,1.35
WR,Alexander Hollins (13251980),Alexander Hollins,13251980,WR/FLEX,3000,ATL@MIN 09/08/2019 01:00PM ET,MIN,0
DST,Bills  (13251255),Bills ,13251255,DST,3000,BUF@NYJ 09/08/2019 01:00PM ET,BUF,6.69
WR,Andre Roberts (13251295),Andre Roberts,13251295,WR/FLEX,3000,BUF@NYJ 09/08/2019 01:00PM ET,BUF,2.31
WR,Deonte Thompson (13251306),Deonte Thompson,13251306,WR/FLEX,3000,BUF@NYJ 09/08/2019 01:00PM ET,NYJ,2.55
RB,Patrick DiMarco (13251321),Patrick DiMarco,13251321,RB/FLEX,3000,BUF@NYJ 09/08/2019 01:00PM ET,BUF,0.63
RB,Marcus Murphy (13251391),Marcus Murphy,13251391,RB/FLEX,3000,BUF@NYJ 09/08/2019 01:00PM ET,BUF,3.51
WR,Josh Bellamy (13251395),Josh Bellamy,13251395,WR/FLEX,3000,BUF@NYJ 09/08/2019 01:00PM ET,NYJ,2.24
RB,Senorise Perry (13251397),Senorise Perry,13251397,RB/FLEX,3000,BUF@NYJ 09/08/2019 01:00PM ET,BUF,0
WR,Charone Peake (13251455),Charone Peake,13251455,WR/FLEX,3000,BUF@NYJ 09/08/2019 01:00PM ET,NYJ,0.35
WR,Quincy Adeboyejo (13251655),Quincy Adeboyejo,13251655,WR/FLEX,3000,BUF@NYJ 09/08/2019 01:00PM ET,NYJ,0
WR,Victor Bolden Jr. (13251658),Victor Bolden Jr.,13251658,WR/FLEX,3000,BUF@NYJ 09/08/2019 01:00PM ET,BUF,0.33
RB,Jalin Moore (13251717),Jalin Moore,13251717,RB/FLEX,3000,BUF@NYJ 09/08/2019 01:00PM ET,NYJ,0
WR,Isaiah McKenzie (13251726),Isaiah McKenzie,13251726,WR/FLEX,3000,BUF@NYJ 09/08/2019 01:00PM ET,BUF,6.69
WR,Duke Williams (13251738),Duke Williams,13251738,WR/FLEX,3000,BUF@NYJ 09/08/2019 01:00PM ET,BUF,0
WR,Cam Phillips (13251799),Cam Phillips,13251799,WR/FLEX,3000,BUF@NYJ 09/08/2019 01:00PM ET,BUF,0.95
WR,David Sills (13251845),David Sills,13251845,WR/FLEX,3000,BUF@NYJ 09/08/2019 01:00PM ET,BUF,0
WR,Tim White (13251895),Tim White,13251895,WR/FLEX,3000,BUF@NYJ 09/08/2019 01:00PM ET,NYJ,0.8
WR,Jeff Smith (13251897),Jeff Smith,13251897,WR/FLEX,3000,BUF@NYJ 09/08/2019 01:00PM ET,NYJ,0
WR,Deontay Burnett (13251927),Deontay Burnett,13251927,WR/FLEX,3000,BUF@NYJ 09/08/2019 01:00PM ET,NYJ,4.86
WR,Greg Dortch (13251935),Greg Dortch,13251935,WR/FLEX,3000,BUF@NYJ 09/08/2019 01:00PM ET,NYJ,0
WR,Nick Easley (13251976),Nick Easley,13251976,WR/FLEX,3000,BUF@NYJ 09/08/2019 01:00PM ET,BUF,0
RB,Trenton Cannon (13251984),Trenton Cannon,13251984,RB/FLEX,3000,BUF@NYJ 09/08/2019 01:00PM ET,NYJ,3.04
RB,Christian Wade (13251998),Christian Wade,13251998,RB/FLEX,3000,BUF@NYJ 09/08/2019 01:00PM ET,BUF,0
RB,Valentine Holmes (13252000),Valentine Holmes,13252000,RB/FLEX,3000,BUF@NYJ 09/08/2019 01:00PM ET,NYJ,0
WR,Brian Quick (13251304),Brian Quick,13251304,WR/FLEX,3000,WAS@PHI 09/08/2019 01:00PM ET,WAS,0.8
WR,Marken Michel (13251472),Marken Michel,13251472,WR/FLEX,3000,WAS@PHI 09/08/2019 01:00PM ET,PHI,0
RB,Byron Marshall (13251528),Byron Marshall,13251528,RB/FLEX,3000,WAS@PHI 09/08/2019 01:00PM ET,WAS,1.32
WR,Jehu Chesson (13251562),Jehu Chesson,13251562,WR/FLEX,3000,WAS@PHI 09/08/2019 01:00PM ET,WAS,0.11
WR,Carlton Agudosi (13251564),Carlton Agudosi,13251564,WR/FLEX,3000,WAS@PHI 09/08/2019 01:00PM ET,PHI,0
WR,Mack Hollins (13251574),Mack Hollins,13251574,WR/FLEX,3000,WAS@PHI 09/08/2019 01:00PM ET,PHI,0
WR,Greg Ward (13251616),Greg Ward,13251616,WR/FLEX,3000,WAS@PHI 09/08/2019 01:00PM ET,PHI,0
WR,Darvin Kidsy Jr. (13251626),Darvin Kidsy Jr.,13251626,WR/FLEX,3000,WAS@PHI 09/08/2019 01:00PM ET,WAS,0.9
WR,Robert Davis (13251628),Robert Davis,13251628,WR/FLEX,3000,WAS@PHI 09/08/2019 01:00PM ET,WAS,0
RB,Donnel Pumphrey (13251636),Donnel Pumphrey,13251636,RB/FLEX,3000,WAS@PHI 09/08/2019 01:00PM ET,PHI,0
RB,Boston Scott (13251660),Boston Scott,13251660,RB/FLEX,3000,WAS@PHI 09/08/2019 01:00PM ET,PHI,0
RB,Samaje Perine (13251693),Samaje Perine,13251693,RB/FLEX,3000,WAS@PHI 09/08/2019 01:00PM ET,WAS,1.34
WR,DeAndre Thompkins (13251697),DeAndre Thompkins,13251697,WR/FLEX,3000,WAS@PHI 09/08/2019 01:00PM ET,PHI,0
WR,Cam Sims (13251740),Cam Sims,13251740,WR/FLEX,3000,WAS@PHI 09/08/2019 01:00PM ET,WAS,0
RB,Shaun Wilson (13251747),Shaun Wilson,13251747,RB/FLEX,3000,WAS@PHI 09/08/2019 01:00PM ET,WAS,1.28
WR,Steven Sims Jr. (13251865),Steven Sims Jr.,13251865,WR/FLEX,3000,WAS@PHI 09/08/2019 01:00PM ET,WAS,0
RB,Bryce Love (13251925),Bryce Love,13251925,RB/FLEX,3000,WAS@PHI 09/08/2019 01:00PM ET,WAS,0
WR,Kelvin Harmon (13251953),Kelvin Harmon,13251953,WR/FLEX,3000,WAS@PHI 09/08/2019 01:00PM ET,WAS,0
RB,Craig Reynolds (13252006),Craig Reynolds,13252006,RB/FLEX,3000,WAS@PHI 09/08/2019 01:00PM ET,WAS,0
TE,Gerald Everett (13251815),Gerald Everett,13251815,TE/FLEX,2900,LAR@CAR 09/08/2019 01:00PM ET,LAR,4.93
TE,Geoff Swaim (13251589),Geoff Swaim,13251589,TE/FLEX,2900,KC@JAX 09/08/2019 01:00PM ET,JAX,6.24
TE,Dallas Goedert (13251682),Dallas Goedert,13251682,TE/FLEX,2900,WAS@PHI 09/08/2019 01:00PM ET,PHI,5.58
TE,Ian Thomas (13251965),Ian Thomas,13251965,TE/FLEX,2800,LAR@CAR 09/08/2019 01:00PM ET,CAR,5.08
DST,Chiefs  (13251258),Chiefs ,13251258,DST,2800,KC@JAX 09/08/2019 01:00PM ET,KC,7.83
TE,Jonnu Smith (13251624),Jonnu Smith,13251624,TE/FLEX,2700,TEN@CLE 09/08/2019 01:00PM ET,TEN,4.91
TE,Josh Oliver (13251891),Josh Oliver,13251891,TE/FLEX,2700,KC@JAX 09/08/2019 01:00PM ET,JAX,0
TE,Hayden Hurst (13251893),Hayden Hurst,13251893,TE/FLEX,2700,BAL@MIA 09/08/2019 01:00PM ET,BAL,2.72
TE,Irv Smith Jr. (13251969),Irv Smith Jr.,13251969,TE/FLEX,2700,ATL@MIN 09/08/2019 01:00PM ET,MIN,0
TE,Ryan Griffin (13251344),Ryan Griffin,13251344,TE/FLEX,2700,BUF@NYJ 09/08/2019 01:00PM ET,NYJ,3.74
TE,Vernon Davis (13251275),Vernon Davis,13251275,TE/FLEX,2700,WAS@PHI 09/08/2019 01:00PM ET,WAS,5.41
TE,Tyler Higbee (13251467),Tyler Higbee,13251467,TE/FLEX,2600,LAR@CAR 09/08/2019 01:00PM ET,LAR,4.35
DST,Titans  (13251257),Titans ,13251257,DST,2600,TEN@CLE 09/08/2019 01:00PM ET,TEN,7.44
TE,Tyler Kroft (13251434),Tyler Kroft,13251434,TE/FLEX,2600,BUF@NYJ 09/08/2019 01:00PM ET,BUF,1.52
TE,Andrew DePaola (13251292),Andrew DePaola,13251292,TE/FLEX,2500,LAR@CAR 09/08/2019 01:00PM ET,CAR,0
TE,Chris Manhertz (13251419),Chris Manhertz,13251419,TE/FLEX,2500,LAR@CAR 09/08/2019 01:00PM ET,CAR,0.82
TE,Temarrick Hemingway (13251503),Temarrick Hemingway,13251503,TE/FLEX,2500,LAR@CAR 09/08/2019 01:00PM ET,CAR,0
TE,Marcus Baugh (13251593),Marcus Baugh,13251593,TE/FLEX,2500,LAR@CAR 09/08/2019 01:00PM ET,CAR,0
TE,Johnny Mundt (13251612),Johnny Mundt,13251612,TE/FLEX,2500,LAR@CAR 09/08/2019 01:00PM ET,LAR,0.12
TE,Cole Hunt (13251640),Cole Hunt,13251640,TE/FLEX,2500,LAR@CAR 09/08/2019 01:00PM ET,CAR,0
TE,Jason Vander Laan (13251674),Jason Vander Laan,13251674,TE/FLEX,2500,LAR@CAR 09/08/2019 01:00PM ET,CAR,0
TE,Romello Brooker (13251758),Romello Brooker,13251758,TE/FLEX,2500,LAR@CAR 09/08/2019 01:00PM ET,LAR,0
TE,Kendall Blanton (13251779),Kendall Blanton,13251779,TE/FLEX,2500,LAR@CAR 09/08/2019 01:00PM ET,LAR,0
TE,Keenen Brown (13252002),Keenen Brown,13252002,TE/FLEX,2500,LAR@CAR 09/08/2019 01:00PM ET,LAR,0
TE,Beau Brinkley (13251340),Beau Brinkley,13251340,TE/FLEX,2500,TEN@CLE 09/08/2019 01:00PM ET,TEN,0
TE,Ryan Hewitt (13251361),Ryan Hewitt,13251361,TE/FLEX,2500,TEN@CLE 09/08/2019 01:00PM ET,TEN,0.51
TE,MyCole Pruitt (13251389),MyCole Pruitt,13251389,TE/FLEX,2500,TEN@CLE 09/08/2019 01:00PM ET,TEN,1.68
TE,Demetrius Harris (13251461),Demetrius Harris,13251461,TE/FLEX,2500,TEN@CLE 09/08/2019 01:00PM ET,CLE,2.8
TE,Pharaoh Brown (13251526),Pharaoh Brown,13251526,TE/FLEX,2500,TEN@CLE 09/08/2019 01:00PM ET,CLE,0
TE,Rico Gathers (13251566),Rico Gathers,13251566,TE/FLEX,2500,TEN@CLE 09/08/2019 01:00PM ET,CLE,0.44
TE,Anthony Firkser (13251678),Anthony Firkser,13251678,TE/FLEX,2500,TEN@CLE 09/08/2019 01:00PM ET,TEN,3.96
TE,Parker Hesse (13251828),Parker Hesse,13251828,TE/FLEX,2500,TEN@CLE 09/08/2019 01:00PM ET,TEN,0
TE,Stephen Carlson (13251889),Stephen Carlson,13251889,TE/FLEX,2500,TEN@CLE 09/08/2019 01:00PM ET,CLE,0
TE,James Winchester (13251350),James Winchester,13251350,TE/FLEX,2500,KC@JAX 09/08/2019 01:00PM ET,KC,0
TE,Blake Bell (13251378),Blake Bell,13251378,TE/FLEX,2500,KC@JAX 09/08/2019 01:00PM ET,KC,1.47
TE,James O'Shaughnessy (13251387),James O'Shaughnessy,13251387,TE/FLEX,2500,KC@JAX 09/08/2019 01:00PM ET,JAX,3.24
TE,Manasseh Garner (13251403),Manasseh Garner,13251403,TE/FLEX,2500,KC@JAX 09/08/2019 01:00PM ET,KC,0
TE,Ben Koyack (13251511),Ben Koyack,13251511,TE/FLEX,2500,KC@JAX 09/08/2019 01:00PM ET,JAX,0
TE,Seth DeValve (13251518),Seth DeValve,13251518,TE/FLEX,2500,KC@JAX 09/08/2019 01:00PM ET,JAX,1.42
TE,Deon Yelder (13251668),Deon Yelder,13251668,TE/FLEX,2500,KC@JAX 09/08/2019 01:00PM ET,KC,0
TE,Carson Meier (13251691),Carson Meier,13251691,TE/FLEX,2500,KC@JAX 09/08/2019 01:00PM ET,JAX,0
TE,Ethan Wolf (13251695),Ethan Wolf,13251695,TE/FLEX,2500,KC@JAX 09/08/2019 01:00PM ET,JAX,0
TE,Charles Jones (13251703),Charles Jones,13251703,TE/FLEX,2500,KC@JAX 09/08/2019 01:00PM ET,JAX,0
TE,Donnie Ernsberger (13251822),Donnie Ernsberger,13251822,TE/FLEX,2500,KC@JAX 09/08/2019 01:00PM ET,JAX,0
TE,Nick Keizer (13251992),Nick Keizer,13251992,TE/FLEX,2500,KC@JAX 09/08/2019 01:00PM ET,KC,0
TE,Matt Orzech (13251994),Matt Orzech,13251994,TE/FLEX,2500,KC@JAX 09/08/2019 01:00PM ET,JAX,0
TE,Jody Fortson (13252008),Jody Fortson,13252008,TE/FLEX,2500,KC@JAX 09/08/2019 01:00PM ET,KC,0
TE,Dwayne Allen (13251342),Dwayne Allen,13251342,TE/FLEX,2500,BAL@MIA 09/08/2019 01:00PM ET,MIA,0.36
TE,Nick O'Leary (13251478),Nick O'Leary,13251478,TE/FLEX,2500,BAL@MIA 09/08/2019 01:00PM ET,MIA,1.88
TE,Nick Boyle (13251505),Nick Boyle,13251505,TE/FLEX,2500,BAL@MIA 09/08/2019 01:00PM ET,BAL,2.61
TE,Durham Smythe (13251662),Durham Smythe,13251662,TE/FLEX,2500,BAL@MIA 09/08/2019 01:00PM ET,MIA,0.73
TE,Cole Herdman (13251752),Cole Herdman,13251752,TE/FLEX,2500,BAL@MIA 09/08/2019 01:00PM ET,BAL,0
TE,Charles Scarff (13251811),Charles Scarff,13251811,TE/FLEX,2500,BAL@MIA 09/08/2019 01:00PM ET,BAL,0
TE,Chris Myarick (13251813),Chris Myarick,13251813,TE/FLEX,2500,BAL@MIA 09/08/2019 01:00PM ET,MIA,0
TE,Logan Paulsen (13251288),Logan Paulsen,13251288,TE/FLEX,2500,ATL@MIN 09/08/2019 01:00PM ET,ATL,1.61
TE,Luke Stocker (13251299),Luke Stocker,13251299,TE/FLEX,2500,ATL@MIN 09/08/2019 01:00PM ET,ATL,2.72
TE,Alex Gray (13251370),Alex Gray,13251370,TE/FLEX,2500,ATL@MIN 09/08/2019 01:00PM ET,ATL,0
TE,David Morgan (13251514),David Morgan,13251514,TE/FLEX,2500,ATL@MIN 09/08/2019 01:00PM ET,MIN,0.78
TE,Cole Hikutini (13251570),Cole Hikutini,13251570,TE/FLEX,2500,ATL@MIN 09/08/2019 01:00PM ET,MIN,0
TE,Thomas Duarte (13251630),Thomas Duarte,13251630,TE/FLEX,2500,ATL@MIN 09/08/2019 01:00PM ET,ATL,0
TE,Jaeden Graham (13251765),Jaeden Graham,13251765,TE/FLEX,2500,ATL@MIN 09/08/2019 01:00PM ET,ATL,0
TE,Tyler Conklin (13251830),Tyler Conklin,13251830,TE/FLEX,2500,ATL@MIN 09/08/2019 01:00PM ET,MIN,0.79
TE,Brandon Dillon (13252004),Brandon Dillon,13252004,TE/FLEX,2500,ATL@MIN 09/08/2019 01:00PM ET,MIN,0
TE,Lee Smith (13251297),Lee Smith,13251297,TE/FLEX,2500,BUF@NYJ 09/08/2019 01:00PM ET,BUF,2.21
TE,Eric Tomlinson (13251399),Eric Tomlinson,13251399,TE/FLEX,2500,BUF@NYJ 09/08/2019 01:00PM ET,NYJ,1.01
TE,Daniel Brown (13251416),Daniel Brown,13251416,TE/FLEX,2500,BUF@NYJ 09/08/2019 01:00PM ET,NYJ,0
TE,Kyle Carter (13251507),Kyle Carter,13251507,TE/FLEX,2500,BUF@NYJ 09/08/2019 01:00PM ET,BUF,0
TE,Jason Croom (13251530),Jason Croom,13251530,TE/FLEX,2500,BUF@NYJ 09/08/2019 01:00PM ET,BUF,3.86
TE,Keith Towbridge (13251620),Keith Towbridge,13251620,TE/FLEX,2500,BUF@NYJ 09/08/2019 01:00PM ET,BUF,0
TE,Nate Becker (13251756),Nate Becker,13251756,TE/FLEX,2500,BUF@NYJ 09/08/2019 01:00PM ET,BUF,0
TE,Chris Herndon (13251760),Chris Herndon,13251760,TE/FLEX,2500,BUF@NYJ 09/08/2019 01:00PM ET,NYJ,7.08
TE,Tommy Sweeney (13251787),Tommy Sweeney,13251787,TE/FLEX,2500,BUF@NYJ 09/08/2019 01:00PM ET,BUF,0
TE,Dawson Knox (13251907),Dawson Knox,13251907,TE/FLEX,2500,BUF@NYJ 09/08/2019 01:00PM ET,BUF,0
TE,Trevon Wesco (13251951),Trevon Wesco,13251951,TE/FLEX,2500,BUF@NYJ 09/08/2019 01:00PM ET,NYJ,0
DST,Redskins  (13251264),Redskins ,13251264,DST,2500,WAS@PHI 09/08/2019 01:00PM ET,WAS,7.5
TE,Will Tye (13251393),Will Tye,13251393,TE/FLEX,2500,WAS@PHI 09/08/2019 01:00PM ET,PHI,0
TE,Alex Ellis (13251490),Alex Ellis,13251490,TE/FLEX,2500,WAS@PHI 09/08/2019 01:00PM ET,PHI,0
TE,Richard Rodgers (13251492),Richard Rodgers,13251492,TE/FLEX,2500,WAS@PHI 09/08/2019 01:00PM ET,PHI,0.19
TE,Joshua Perkins (13251499),Joshua Perkins,13251499,TE/FLEX,2500,WAS@PHI 09/08/2019 01:00PM ET,PHI,1.3
TE,J.P. Holtz (13251536),J.P. Holtz,13251536,TE/FLEX,2500,WAS@PHI 09/08/2019 01:00PM ET,WAS,0
TE,Jeremy Sprinkle (13251545),Jeremy Sprinkle,13251545,TE/FLEX,2500,WAS@PHI 09/08/2019 01:00PM ET,WAS,0.94
TE,Matt Flanagan (13251634),Matt Flanagan,13251634,TE/FLEX,2500,WAS@PHI 09/08/2019 01:00PM ET,WAS,0.8
TE,Donald Parham Jr. (13251861),Donald Parham Jr.,13251861,TE/FLEX,2500,WAS@PHI 09/08/2019 01:00PM ET,WAS,0
DST,Falcons  (13251254),Falcons ,13251254,DST,2400,ATL@MIN 09/08/2019 01:00PM ET,ATL,5.06
DST,Jaguars  (13251266),Jaguars ,13251266,DST,2300,KC@JAX 09/08/2019 01:00PM ET,JAX,7.19
DST,Panthers  (13251265),Panthers ,13251265,DST,2100,LAR@CAR 09/08/2019 01:00PM ET,CAR,5.75
DST,Dolphins  (13251260),Dolphins ,13251260,DST,2100,BAL@MIA 09/08/2019 01:00PM ET,MIA,7.5
